<?xml version="1.0" encoding="UTF-8" standalone="no"?>
<Entities>
    <ExtensionPackages>
        <ExtensionPackage dependsOn="" description="" minimumThingWorxVersion="7.2.1" name="MetaWidget" packageVersion="1.0.0" vendor="Foxon.cz"> 
        </ExtensionPackage>
    </ExtensionPackages>
    <Widgets>
		<Widget name="meta">
            <UIResources>
                <FileResource description="" file="meta.ide.js" isDevelopment="true" isRuntime="false" type="JS"/>
                <FileResource description="" file="meta.ide.css" isDevelopment="true" isRuntime="false" type="CSS"/>
                <FileResource description="" file="meta.runtime.js" isDevelopment="false" isRuntime="true" type="JS"/>
                <FileResource description="" file="meta.runtime.css" isDevelopment="false" isRuntime="true" type="CSS"/>
            </UIResources>
        </Widget>
    </Widgets>
</Entities>
